date,stars,forks,views_14d,unique_visitors_14d,clones_14d,unique_cloners_14d,npm_downloads_yesterday
2026-09-05,0,0,,,,,
2026-09-06,0,1,,,,,0
2026-09-07,0,1,,,,,86
2026-09-08,0,1,,,,,86
2026-09-09,0,1,,,,,86
2026-09-10,0,1,,,,,86
2026-09-11,0,1,,,,,6
2026-09-12,0,1,,,,,9
2026-09-13,0,1,,,,,4
2026-09-14,0,1,,,,,4
2026-09-15,0,1,,,,,4
2026-09-16,0,1,,,,,4
2026-09-17,0,1,,,,,4
2026-09-18,0,1,,,,,23
2026-09-19,0,1,,,,,23
2026-09-20,0,1,,,,,21
2026-09-21,0,1,,,,,1
2026-09-22,0,1,,,,,1
2026-09-23,0,1,,,,,22
2026-09-24,0,1,,,,,22
2026-09-25,0,1,,,,,22
2026-09-26,0,1,,,,,1
2026-09-27,0,1,,,,,1
2026-09-28,0,1,,,,,8
2026-09-29,0,1,,,,,10
2026-09-30,0,1,,,,,12
2026-10-01,0,1,,,,,2
2026-10-02,0,1,,,,,0
2026-10-03,0,1,,,,,0
2026-10-04,0,1,,,,,0
